Plate_well.x,Sort_id,Exp,platename,Sample_id,Depth,VAF.varscan,VAF.mutect,VAF.platypus,mean_VAF,DNMT3A,Plate_well.y,variable,All Events FSC-A Median,All Events FSC-W Median,All Events SSC-A Median,All Events CD33 640 670/30-A Median,All Events CD45RA 640 730/45-A Median,All Events CD34 640 780/60-A Median,All Events CD90 561 582/15-A Median,All Events CD49F 561 670/14-A Median,All Events CD38 561 780/60-A Median,All Events Lin 488 530/30-A Median,All Events CD7/10 V405 450/50-A Median,All Events L/D V405 525/50-A Median,All Events CD45 V405 780/60-A Median,All Events Time Median,Cell_seeded
2_C3,2_G4,LEUK23_D21,LEUK23 DNA P2 D28,211,6,NA,NA,NA,0,DNMT3A WT,plate2_C03,PLATE2,123711,88776,68237,14,43,1684,994,1591,13,437,6323,187,1241,36187,HSC
3_F6,8_H1,LEUK23_D21,LEUK23 DNA P1D28 7/2/20,334,6,NA,NA,NA,0,DNMT3A WT,plate3_D04,PLATE3,111554,84540,51672,33,95,2948,103,4684,-86,406,17963,337,1792,40214,HSC
4_B9,10_B2,LEUK23_D21,LEUK23 DNA P3 D28,1892,6,NA,NA,NA,0,DNMT3A WT,plate3_G09,PLATE3,113255,89255,47142,-20,76,1765,340,696,-68,17,7622,179,655,25743,HSC
3_A5,6_C11,LEUK23_D21,LEUK23 DNA P1D28 7/2/20,321,8,NA,NA,NA,0,DNMT3A WT,plate2_H11,PLATE2,123293,89646,47030,144,-2,2011,92,2720,3,330,18867,414,2643,28138,HSC
3_F5,8_G11,LEUK23_D21,LEUK23 DNA P1D28 7/2/20,326,10,NA,1,NA,1,DNMT3A Mut,plate3_D03,PLATE3,85158,81042,70460,1,16,3382,63,1801,-108,224,12402,175,1485,37577,HSC
4_B11,10_B5,LEUK23_D21,LEUK23 DNA P3 D28,1896,10,NA,NA,NA,0,DNMT3A WT,plate3_G11,PLATE3,107472,84498,62752,89,69,3692,97,7475,-143,922,12884,166,1437,25156,HSC
2_B11,2_E10,LEUK23_D21,LEUK23 DNA P2 D28,274,12,NA,NA,0.428571429,0.428571429,DNMT3A Mut,plate2_B11,PLATE2,131419,93307,46332,52,119,1393,299,1090,182,396,17141,280,578,32672,HSC
3_F7,8_H3,LEUK23_D21,LEUK23 DNA P1D28 7/2/20,342,12,NA,NA,NA,0,DNMT3A WT,plate3_D05,PLATE3,112695,83303,47331,36,-34,867,83,5286,62,660,1595,177,1839,39829,HSC
3_E2,8_E11,LEUK23_D21,LEUK23 DNA P1D28 7/2/20,301,17,NA,0.25,NA,0.25,DNMT3A Mut,plate3_C06,PLATE3,102287,83433,58565,32,7,1951,132,1291,-13,226,7472,209,1128,32864,HSC
3_B8,6_G10,LEUK23_D21,LEUK23 DNA P1D28 7/2/20,346,24,NA,NA,NA,0,DNMT3A WT,plate3_A11,PLATE3,116210,87853,58709,122,19,2567,110,939,-134,424,7891,184,975,37386,HSC
2_E3,4_G9,LEUK23_D21,LEUK23 DNA P2 D28,213,26,NA,NA,NA,0,DNMT3A WT,plate2_E02,PLATE2,135133,90902,52712,354,28,757,163,9052,-79,868,2140,249,1759,37193,HSC
3_B6,6_G4,LEUK23_D21,LEUK23 DNA P1D28 7/2/20,330,32,NA,1,1,1,DNMT3A Mut,plate3_A09,PLATE3,123711,88776,68237,14,43,1684,994,1591,13,437,6323,187,1241,36187,HSC
4_B10,10_B4,LEUK23_D21,LEUK23 DNA P3 D28,1894,34,NA,NA,NA,0,DNMT3A WT,plate3_G10,PLATE3,135247,90292,56638,61,69,2286,24,2073,-43,658,10986,419,3381,25351,HSC
2_B6,2_D5,LEUK23_D21,LEUK23 DNA P2 D28,234,55,NA,NA,NA,0,DNMT3A WT,plate2_B06,PLATE2,116350,85788,55740,340,63,2578,331,1202,85,414,7430,154,1108,29929,HSC
4_B6,10_A3,LEUK23_D21,LEUK23 DNA P3 D28,1886,85,NA,NA,NA,0,DNMT3A WT,plate3_G06,PLATE3,108333,85121,77105,145,121,3745,20,1397,66,234,26311,305,3074,21788,HSC
3_A8,6_E4,LEUK23_D21,LEUK23 DNA P1D28 7/2/20,345,86,0.1628,NA,NA,0.1628,DNMT3A Mut,plate3_A02,PLATE3,129457,94411,59395,58,36,1799,534,846,7,423,8107,175,1288,31508,HSC
2_C4,2_G9,LEUK23_D21,LEUK23 DNA P2 D28,219,94,NA,1,0.944444444,0.9722222220000001,DNMT3A Mut,plate2_C04,PLATE2,135133,90902,52712,354,28,757,163,9052,-79,868,2140,249,1759,37193,HSC
2_A5,1_C5,LEUK23_D21,LEUK23 DNA P2 D28,225,102,0.549,0.511,0.444444444,0.5014814813333334,DNMT3A Mut,plate2_A06,PLATE2,108646,89061,85325,-6,19,2456,57,4033,-18,185,21081,97,2204,26973,HSC
1_A4,7_D11,LEUK23_D21,LEUK23 DNA Plate1 31/1/20,953,121,0.4426,0.446,0.37037037,0.41965679,DNMT3A Mut,plate1_A04,PLATE1,67156,82890,70683,214,52,2510,143,186,111,659,2926,281,2085,28739,HSC
3_G1,8_H10,LEUK23_D21,LEUK23 DNA P1D28 7/2/20,295,142,0.9722,0.969,1,0.9803999999999999,DNMT3A Mut,plate3_D08,PLATE3,109463,85301,54685,4,42,2287,195,1750,-15,380,8952,193,1158,38395,HSC
3_C6,7_C7,LEUK23_D21,LEUK23 DNA P1D28 7/2/20,331,142,0.2394,NA,NA,0.2394,DNMT3A Mut,plate3_B04,PLATE3,109654,87095,45091,72,26,1369,143,523,211,35,7534,217,1716,27358,HSC
3_D5,8_B3,LEUK23_D21,LEUK23 DNA P1D28 7/2/20,324,148,NA,NA,NA,0,DNMT3A WT,plate3_B09,PLATE3,135541,92354,72199,87,-20,1130,-27,6194,-23,761,1928,222,2009,25541,HSC
3_A3,6_C9,LEUK23_D21,LEUK23 DNA P1D28 7/2/20,305,165,NA,NA,NA,0,DNMT3A WT,plate2_H09,PLATE2,123210,90854,56070,73,114,3030,36,1877,-198,483,12754,151,1576,27745,HSC
3_F1,8_G2,LEUK23_D21,LEUK23 DNA P1D28 7/2/20,294,186,0.4194,0.427,0.468085106,0.438161702,DNMT3A Mut,plate3_D01,PLATE3,79961,96973,106195,168,130,2375,360,1072,58,1184,8003,277,1995,35800,HSC
3_F4,8_G6,LEUK23_D21,LEUK23 DNA P1D28 7/2/20,318,189,0.8316,0.839,0.722222222,0.7976074073333334,DNMT3A Mut,plate3_D02,PLATE3,125126,86514,51538,137,38,871,21,614,95,1449,2717,121,1388,36580,HSC
2_C2,2_G3,LEUK23_D21,LEUK23 DNA P2 D28,203,191,NA,0.967,0.965517241,0.9662586205,DNMT3A Mut,plate2_C02,PLATE2,108829,86186,47155,92,132,1977,-99,1862,-29,350,31543,178,1467,35992,HSC
2_C10,3_A8,LEUK23_D21,LEUK23 DNA P2 D28,267,192,0.375,0.031,0.444444444,0.28348148133333334,DNMT3A Mut,plate2_C09,PLATE2,105640,84439,51024,136,22,1404,82,1072,-43,169,3259,181,481,22779,HSC
2_A11,1_E8,LEUK23_D21,LEUK23 DNA P2 D28,273,192,0.2917,NA,0.338983051,0.3153415255,DNMT3A Mut,plate2_A12,PLATE2,121110,86965,68316,143,98,2087,116,1282,95,209,5318,204,793,32279,HSC
2_H8,6_A6,LEUK23_D21,LEUK23 DNA P2 D28,256,196,0.4898,0.091,0.445945946,0.34224864866666665,DNMT3A Mut,plate2_H03,PLATE2,112547,85498,57599,103,51,2389,373,465,-161,398,4773,182,1492,22395,HSC
2_H9,6_B1,LEUK23_D21,LEUK23 DNA P2 D28,264,219,0.8899,NA,0.884057971,0.8869789855000001,DNMT3A Mut,plate2_H04,PLATE2,115109,86551,59339,152,9,2408,-2,1157,-53,170,6796,192,1311,25941,HSC
4_B7,10_A9,LEUK23_D21,LEUK23 DNA P3 D28,1888,219,0.213,NA,0.253012048,0.23300602399999998,DNMT3A Mut,plate3_G07,PLATE3,124029,87360,57085,-35,53,820,52,2645,76,600,2044,221,1133,22974,HSC
2_B5,2_A3,LEUK23_D21,LEUK23 DNA P2 D28,226,222,0.7455,0.744,0.638297872,0.7092659573333333,DNMT3A Mut,plate2_B05,PLATE2,108333,85121,77105,145,121,3745,20,1397,66,234,26311,305,3074,21788,HSC
2_H7,6_A5,LEUK23_D21,LEUK23 DNA P2 D28,248,227,0.3596,0.147,0.364864865,0.2904882883333333,DNMT3A Mut,plate2_H02,PLATE2,91519,82079,80762,117,53,2789,330,1217,-208,374,7201,338,1629,22197,HSC
2_H11,6_B8,LEUK23_D21,LEUK23 DNA P2 D28,280,254,0.381,NA,0.358024691,0.3695123455,DNMT3A Mut,plate2_H06,PLATE2,115232,87521,76739,135,78,2305,218,2245,47,164,12326,224,993,24553,HSC
2_C1,2_F7,LEUK23_D21,LEUK23 DNA P2 D28,195,273,0.4044,0.415,0.425531915,0.41497730499999996,DNMT3A Mut,plate2_C01,PLATE2,81713,84194,108527,186,79,2069,4,1210,-105,695,5248,222,1141,34240,HSC
3_D6,8_C5,LEUK23_D21,LEUK23 DNA P1D28 7/2/20,332,286,NA,1,0.986486486,0.993243243,DNMT3A Mut,plate3_B10,PLATE3,108646,89061,85325,-6,19,2456,57,4033,-18,185,21081,97,2204,26973,HSC
2_C11,3_B11,LEUK23_D21,LEUK23 DNA P2 D28,275,287,0.8592,0.859,0.916666667,0.878288889,DNMT3A Mut,plate2_C10,PLATE2,126016,90599,57038,230,42,2562,91,821,-44,550,7309,187,1739,23969,HSC
3_D12,8_E6,LEUK23_D21,LEUK23 DNA P1D28 7/2/20,380,290,NA,NA,NA,0,DNMT3A WT,plate3_C04,PLATE3,99894,83812,60939,11,34,2357,121,1295,-40,293,1536,199,699,31893,HSC
2_C5,2_G12,LEUK23_D21,LEUK23 DNA P2 D28,227,313,0.4167,0.057,0.306122449,0.2599408163333333,DNMT3A Mut,plate2_C05,PLATE2,106425,85958,76820,127,61,4498,92,6052,-244,170,11736,252,1365,37770,HSC
2_B12,2_F3,LEUK23_D21,LEUK23 DNA P2 D28,282,323,NA,1,1,1,DNMT3A Mut,plate2_B12,PLATE2,81945,89788,118033,377,119,4393,43,1173,5,648,8893,277,3141,35022,HSC
3_A2,6_C7,LEUK23_D21,LEUK23 DNA P1D28 7/2/20,297,414,NA,NA,NA,0,DNMT3A WT,plate2_H08,PLATE2,109654,87095,45091,72,26,1369,143,523,211,35,7534,217,1716,27358,HSC
3_B9,6_H2,LEUK23_D21,LEUK23 DNA P1D28 7/2/20,354,442,0.5182,0.223,0.5234375,0.42154583333333334,DNMT3A Mut,plate3_B01,PLATE3,119766,88007,68635,133,71,1341,89,687,-7,460,3655,245,683,40020,HSC
2_C12,3_C2,LEUK23_D21,LEUK23 DNA P2 D28,283,457,0.2838,0.296,NA,0.2899,DNMT3A Mut,plate2_C11,PLATE2,112971,84806,53605,343,7,2253,220,1289,80,244,9047,168,1230,26323,HSC
2_H10,6_B2,LEUK23_D21,LEUK23 DNA P2 D28,272,482,0.9362,0.938,0.931034483,0.935078161,DNMT3A Mut,plate2_H05,PLATE2,113255,89255,47142,-20,76,1765,340,696,-68,17,7622,179,655,25743,HSC
2_A9,1_E3,LEUK23_D21,LEUK23 DNA P2 D28,257,486,NA,NA,NA,0,DNMT3A WT,plate2_A10,PLATE2,124491,89446,72925,58,53,2958,316,782,-108,509,6477,198,1726,31303,HSC
3_D8,8_C10,LEUK23_D21,LEUK23 DNA P1D28 7/2/20,348,491,0.0905,NA,NA,0.0905,DNMT3A Mut,plate3_B12,PLATE3,122006,93878,61411,55,72,2053,133,900,24,188,21001,412,2010,27946,HSC
2_E2,4_G1,LEUK23_D21,LEUK23 DNA P2 D28,205,497,0.0323,NA,NA,0.0323,DNMT3A Mut,plate2_E01,PLATE2,109781,86900,49608,200,15,1515,264,713,42,227,3058,202,750,35609,HSC
3_E4,8_F1,LEUK23_D21,LEUK23 DNA P1D28 7/2/20,317,519,NA,1,0.96969697,0.984848485,DNMT3A Mut,plate3_C08,PLATE3,76035,82038,96048,-41,61,2796,106,1956,-42,171,5845,234,1374,35409,HSC
3_A9,6_E9,LEUK23_D21,LEUK23 DNA P1D28 7/2/20,353,520,0.2939,0.315,0.316129032,0.30834301066666664,DNMT3A Mut,plate3_A03,PLATE3,108611,87618,65486,57,54,1741,53,762,-115,314,15339,292,1430,32472,HSC
2_A2,1_B7,LEUK23_D21,LEUK23 DNA P2 D28,201,528,0.5947,0.586,0.692307692,0.6243358973333333,DNMT3A Mut,plate2_A02,PLATE2,115713,88676,61543,22,48,1344,129,1245,15,346,10096,230,1472,24748,HSC
3_F11,8_H7,LEUK23_D21,LEUK23 DNA P1D28 7/2/20,374,584,NA,1,0.987179487,0.9935897435000001,DNMT3A Mut,plate3_D07,PLATE3,117516,89384,48824,-117,82,1442,172,20116,-26,1958,86,292,1605,39027,HSC
3_A4,6_C10,LEUK23_D21,LEUK23 DNA P1D28 7/2/20,313,616,0.9867,0.996,0.98245614,0.98838538,DNMT3A Mut,plate2_H10,PLATE2,122006,93878,61411,55,72,2053,133,900,24,188,21001,412,2010,27946,HSC
3_D2,7_H7,LEUK23_D21,LEUK23 DNA P1D28 7/2/20,300,830,0.2446,0.235,0.292792793,0.25746426433333336,DNMT3A Mut,plate3_B06,PLATE3,117516,89384,48824,-117,82,1442,172,20116,-26,1958,86,292,1605,39027,HSC
2_B4,1_H12,LEUK23_D21,LEUK23 DNA P2 D28,218,857,0.5962,0.59,0.607758621,0.5979862069999999,DNMT3A Mut,plate2_B04,PLATE2,129535,93800,65418,286,51,3796,984,1576,10,463,10673,255,2314,37964,HSC
2_B1,1_G3,LEUK23_D21,LEUK23 DNA P2 D28,194,886,0.5828,0.587,0.633928571,0.601242857,DNMT3A Mut,plate2_B02,PLATE2,108829,86186,47155,92,132,1977,-99,1862,-29,350,31543,178,1467,35992,HSC
2_A3,1_C3,LEUK23_D21,LEUK23 DNA P2 D28,209,935,0.0725,NA,NA,0.0725,DNMT3A Mut,plate2_A04,PLATE2,121651,88245,72426,112,53,1849,331,2742,-32,586,8600,232,1318,26534,HSC
2_B7,2_D9,LEUK23_D21,LEUK23 DNA P2 D28,242,1024,0.6627,0.656,0.612244898,0.6436482993333333,DNMT3A Mut,plate2_B07,PLATE2,112635,86497,68748,37,30,1446,86,1048,34,439,5063,180,998,29126,HSC
3_E9,8_F10,LEUK23_D21,LEUK23 DNA P1D28 7/2/20,357,1030,0.9178,0.906,0.895470383,0.906423461,DNMT3A Mut,plate3_C12,PLATE3,111874,87334,71809,239,79,3944,66,3249,-116,602,14614,333,1360,33664,HSC
2_H12,6_B12,LEUK23_D21,LEUK23 DNA P2 D28,288,1086,0.6415,0.655,0.597785978,0.6314286593333334,DNMT3A Mut,plate2_H07,PLATE2,94867,82925,49748,63,138,2718,148,1297,87,320,22041,343,1820,23775,HSC
3_C4,7_B10,LEUK23_D21,LEUK23 DNA P1D28 7/2/20,315,1141,0.3862,0.381,0.387417219,0.3848724063333333,DNMT3A Mut,plate3_B03,PLATE3,80729,82531,77010,132,93,3041,58,4109,91,362,9047,222,923,24169,HSC
2_A4,1_C4,LEUK23_D21,LEUK23 DNA P2 D28,217,1167,NA,1,0.986111111,0.9930555555,DNMT3A Mut,plate2_A05,PLATE2,119652,90759,60749,43,25,1390,-5,976,17,1093,705,147,944,26776,HSC
3_B7,6_G5,LEUK23_D21,LEUK23 DNA P1D28 7/2/20,338,1231,0.882,0.87,0.876666667,0.8762222223333334,DNMT3A Mut,plate3_A10,PLATE3,115814,87530,69904,97,35,1884,4835,724,125,639,3601,258,3398,36380,HSC
3_A10,6_E12,LEUK23_D21,LEUK23 DNA P1D28 7/2/20,361,1247,0.5527,0.547,0.534375,0.5446916666666667,DNMT3A Mut,plate3_A04,PLATE3,127394,91244,63246,85,84,2267,268,1617,5,1013,15890,204,2172,33057,HSC
3_E1,8_E10,LEUK23_D21,LEUK23 DNA P1D28 7/2/20,293,1285,NA,NA,NA,0,DNMT3A WT,plate3_C05,PLATE3,131419,93307,46332,52,119,1393,299,1090,182,396,17141,280,578,32672,HSC
3_D9,8_D2,LEUK23_D21,LEUK23 DNA P1D28 7/2/20,356,1387,0.8721,0.869,0.86977887,0.8702929566666666,DNMT3A Mut,plate3_C01,PLATE3,104952,82379,44868,-45,-172,2661,-1,995,51,89,9083,71,774,30505,HSC
2_B9,2_E5,LEUK23_D21,LEUK23 DNA P2 D28,258,1400,0.3732,NA,0.380462725,0.3768313625,DNMT3A Mut,plate2_B09,PLATE2,118116,88245,40961,71,40,2195,71,709,120,274,43246,241,4547,31701,HSC
3_E5,8_F2,LEUK23_D21,LEUK23 DNA P1D28 7/2/20,325,1412,0.0709,NA,NA,0.0709,DNMT3A Mut,plate3_C09,PLATE3,129582,88330,55025,66,17,2335,517,671,-5,491,5623,119,1110,35214,HSC
2_D10,4_C8,LEUK23_D21,LEUK23 DNA P2 D28,268,1561,0.793,0.766,0.75,0.7696666666666667,DNMT3A Mut,plate2_D09,PLATE2,105819,85445,58924,151,102,2399,-71,1162,-124,583,16153,190,1363,27553,HSC
2_C7,2_H3,LEUK23_D21,LEUK23 DNA P2 D28,243,1640,0.0414,NA,NA,0.0414,DNMT3A Mut,plate2_C06,PLATE2,112695,83303,47331,36,-34,867,83,5286,62,660,1595,177,1839,39829,HSC
2_A10,1_E7,LEUK23_D21,LEUK23 DNA P2 D28,265,1664,0.8885,0.884,0.887850467,0.886783489,DNMT3A Mut,plate2_A11,PLATE2,73478,81501,91200,-6,23,3505,24,2059,-120,464,4119,175,1287,32084,HSC
3_D3,8_A3,LEUK23_D21,LEUK23 DNA P1D28 7/2/20,308,1696,0.604,0.606,0.569506726,0.5931689086666666,DNMT3A Mut,plate3_B07,PLATE3,108333,85121,77105,145,121,3745,20,1397,66,234,26311,305,3074,21788,HSC
2_D7,4_B6,LEUK23_D21,LEUK23 DNA P2 D28,244,1701,0.9236,0.934,0.908450704,0.9220169013333334,DNMT3A Mut,plate2_D06,PLATE2,109984,85797,66928,79,36,1907,8,830,67,275,22845,327,1544,24941,HSC
3_D4,8_A12,LEUK23_D21,LEUK23 DNA P1D28 7/2/20,316,1776,0.2957,0.289,0.318091451,0.3009304836666667,DNMT3A Mut,plate3_B08,PLATE3,115940,86634,52696,306,33,2152,40,2406,-51,306,10480,103,1417,23579,HSC
3_A11,6_F2,LEUK23_D21,LEUK23 DNA P1D28 7/2/20,369,1875,0.8413,0.825,0.837301587,0.8345338623333334,DNMT3A Mut,plate3_A05,PLATE3,129582,88330,55025,66,17,2335,517,671,-5,491,5623,119,1110,35214,HSC
2_D9,4_B12,LEUK23_D21,LEUK23 DNA P2 D28,260,1948,0.808,0.8,0.829827916,0.8126093053333334,DNMT3A Mut,plate2_D08,PLATE2,94867,82925,49748,63,138,2718,148,1297,87,320,22041,343,1820,23775,HSC
1_A1,4_A8,LEUK23_D21,LEUK23 DNA Plate1 31/1/20,950,1999,NA,NA,NA,0,DNMT3A WT,plate1_A01,PLATE1,105640,84439,51024,136,22,1404,82,1072,-43,169,3259,181,481,22779,HSC
2_A8,1_D3,LEUK23_D21,LEUK23 DNA P2 D28,249,2174,NA,1,0.988391376,0.994195688,DNMT3A Mut,plate2_A09,PLATE2,106039,85949,53527,-51,-5,1987,166,3852,42,373,4526,290,871,30315,HSC
3_D7,8_C6,LEUK23_D21,LEUK23 DNA P1D28 7/2/20,340,2208,0.4155,0.405,0.416129032,0.41220967733333336,DNMT3A Mut,plate3_B11,PLATE3,103873,82701,34677,44,23,1606,1402,882,-16,282,16887,180,1560,27164,HSC
2_C9,2_H6,LEUK23_D21,LEUK23 DNA P2 D28,259,2478,0.9578,0.967,0.965083799,0.9632945996666666,DNMT3A Mut,plate2_C08,PLATE2,127539,92104,75509,-60,28,1747,102,1750,-56,269,13909,220,1787,39221,HSC
2_A12,1_G2,LEUK23_D21,LEUK23 DNA P2 D28,281,2612,0.5257,0.523,0.526695527,0.5251318423333333,DNMT3A Mut,plate2_B01,PLATE2,79961,96973,106195,168,130,2375,360,1072,58,1184,8003,277,1995,35800,HSC
2_A6,1_C7,LEUK23_D21,LEUK23 DNA P2 D28,233,2828,0.0782,NA,NA,0.0782,DNMT3A Mut,plate2_A07,PLATE2,109654,87095,45091,72,26,1369,143,523,211,35,7534,217,1716,27358,HSC
3_D1,7_F8,LEUK23_D21,LEUK23 DNA P1D28 7/2/20,292,3069,0.535,0.538,0.534942821,0.5359809403333333,DNMT3A Mut,plate3_B05,PLATE3,126365,89283,62447,190,24,1757,30,767,-36,212,5730,115,1006,34046,HSC
2_D8,4_B7,LEUK23_D21,LEUK23 DNA P2 D28,252,3176,0.4379,0.427,0.431151242,0.43201708066666666,DNMT3A Mut,plate2_D07,PLATE2,115713,88676,61543,22,48,1344,129,1245,15,346,10096,230,1472,24748,HSC
2_D6,4_B3,LEUK23_D21,LEUK23 DNA P2 D28,236,3402,NA,NA,NA,0,DNMT3A WT,plate2_D05,PLATE2,135541,92354,72199,87,-20,1130,-27,6194,-23,761,1928,222,2009,25541,HSC
3_D10,8_D11,LEUK23_D21,LEUK23 DNA P1D28 7/2/20,364,3501,0.4245,0.408,0.426540284,0.41968009466666667,DNMT3A Mut,plate3_C02,PLATE3,67156,82890,70683,214,52,2510,143,186,111,659,2926,281,2085,28739,HSC
2_D12,4_F7,LEUK23_D21,LEUK23 DNA P2 D28,284,3502,0.2932,0.303,0.274531422,0.2902438073333333,DNMT3A Mut,plate2_D11,PLATE2,81713,84194,108527,186,79,2069,4,1210,-105,695,5248,222,1141,34240,HSC
3_A12,6_F4,LEUK23_D21,LEUK23 DNA P1D28 7/2/20,377,3531,0.3516,NA,0.357837838,0.354718919,DNMT3A Mut,plate3_A06,PLATE3,118295,91715,68398,194,34,2175,-45,431,-121,313,29939,278,1504,34826,HSC
2_B2,1_G7,LEUK23_D21,LEUK23 DNA P2 D28,202,3668,0.1223,NA,NA,0.1223,DNMT3A Mut,plate2_B03,PLATE2,109718,83603,61543,270,34,3094,43,2204,-104,240,9801,198,1994,36780,HSC
3_D11,8_D12,LEUK23_D21,LEUK23 DNA P1D28 7/2/20,372,3758,0.8503,0.821,0.854954035,0.8420846783333333,DNMT3A Mut,plate3_C03,PLATE3,127275,88193,62711,-49,122,1986,105,1973,45,499,9768,139,1545,28526,HSC
1_A6,8_E2,LEUK23_D21,LEUK23 DNA Plate1 31/1/20,955,4063,0.1929,NA,NA,0.1929,DNMT3A Mut,plate1_A06,PLATE1,127880,93672,94678,145,102,4463,797,2204,-72,527,28811,456,2955,31111,HSC
2_B8,2_D10,LEUK23_D21,LEUK23 DNA P2 D28,250,4115,0.9956,0.998,0.981034483,0.9915448276666666,DNMT3A Mut,plate2_B08,PLATE2,111814,85824,51172,4,36,1306,-4,1460,15,420,8978,181,1170,28938,HSC
2_A1,1_A4,LEUK23_D21,LEUK23 DNA P2 D28,193,4356,0.4571,0.477,0.428057554,0.454052518,DNMT3A Mut,plate2_A01,PLATE2,120269,87174,75981,164,104,1879,356,1301,-103,461,8638,138,1069,21978,HSC
1_A3,6_C3,LEUK23_D21,LEUK23 DNA Plate1 31/1/20,952,4517,NA,NA,NA,0,DNMT3A WT,plate1_A03,PLATE1,121651,88245,72426,112,53,1849,331,2742,-32,586,8600,232,1318,26534,HSC
2_C8,2_H5,LEUK23_D21,LEUK23 DNA P2 D28,251,5218,0.3781,NA,0.363703704,0.37090185200000003,DNMT3A Mut,plate2_C07,PLATE2,88477,81067,53970,116,-13,3296,112,1008,-92,338,7579,165,1341,39416,HSC
1_A2,4_A10,LEUK23_D21,LEUK23 DNA Plate1 31/1/20,951,5392,NA,NA,NA,0,DNMT3A WT,plate1_A02,PLATE1,109917,86260,60644,64,99,3252,-29,875,-118,520,8756,226,2109,23189,HSC
2_B10,2_E6,LEUK23_D21,LEUK23 DNA P2 D28,266,5438,0.295,0.31,0.316976127,0.3073253756666667,DNMT3A Mut,plate2_B10,PLATE2,99894,83812,60939,11,34,2357,121,1295,-40,293,1536,199,699,31893,HSC
2_A7,1_C9,LEUK23_D21,LEUK23 DNA P2 D28,241,5468,0.8435,0.842,0.837431694,0.8409772313333334,DNMT3A Mut,plate2_A08,PLATE2,123210,90854,56070,73,114,3030,36,1877,-198,483,12754,151,1576,27745,HSC
3_B2,6_F6,LEUK23_D21,LEUK23 DNA P1D28 7/2/20,298,5702,0.9206,0.916,0.91618682,0.9175956066666666,DNMT3A Mut,plate3_A07,PLATE3,98332,85144,64193,-6,11,1220,-42,1113,-66,157,15457,75,721,34435,HSC
2_D1,3_D10,LEUK23_D21,LEUK23 DNA P2 D28,196,9265,0.5118,0.489,0.49872449,0.49984149666666666,DNMT3A Mut,plate2_C12,PLATE2,111814,85824,51172,4,36,1306,-4,1460,15,420,8978,181,1170,28938,HSC
2_E1,4_F10,LEUK23_D21,LEUK23 DNA P2 D28,197,10413,0.7772,0.766,0.790902421,0.7780341403333333,DNMT3A Mut,plate2_D12,PLATE2,111874,87334,71809,239,79,3944,66,3249,-116,602,14614,333,1360,33664,HSC
1_A5,7_F1,LEUK23_D21,LEUK23 DNA Plate1 31/1/20,954,11595,NA,NA,NA,0,DNMT3A WT,plate1_A05,PLATE1,76035,82038,96048,-41,61,2796,106,1956,-42,171,5845,234,1374,35409,HSC
2_D5,4_A7,LEUK23_D21,LEUK23 DNA P2 D28,228,12985,0.7524,0.749,0.75293029,0.75144343,DNMT3A Mut,plate2_D04,PLATE2,106497,86817,54769,3,-4,1906,186,1989,-135,399,5404,126,932,22586,HSC
2_D3,3_H7,LEUK23_D21,LEUK23 DNA P2 D28,212,17626,0.2485,NA,NA,0.2485,DNMT3A Mut,plate2_D02,PLATE2,117516,89384,48824,-117,82,1442,172,20116,-26,1958,86,292,1605,39027,HSC
